<?xml version="1.0" encoding="UTF-8"?>
<GenRun Id="impl_1" LaunchPart="xc7a100tcsg324-1" LaunchTime="1714862709">
  <File Type="BITSTR-BMM" Name="MAIN_bd.bmm"/>
  <File Type="OPT-METHODOLOGY-DRC" Name="MAIN_methodology_drc_opted.rpt"/>
  <File Type="INIT-TIMING" Name="MAIN_timing_summary_init.rpt"/>
  <File Type="ROUTE-PWR" Name="MAIN_power_routed.rpt"/>
  <File Type="PA-TCL" Name="MAIN.tcl"/>
  <File Type="OPT-TIMING" Name="MAIN_timing_summary_opted.rpt"/>
  <File Type="OPT-DCP" Name="MAIN_opt.dcp"/>
  <File Type="ROUTE-PWR-SUM" Name="MAIN_power_summary_routed.pb"/>
  <File Type="REPORTS-TCL" Name="MAIN_reports.tcl"/>
  <File Type="OPT-DRC" Name="MAIN_drc_opted.rpt"/>
  <File Type="OPT-HWDEF" Name="MAIN.hwdef"/>
  <File Type="PWROPT-DCP" Name="MAIN_pwropt.dcp"/>
  <File Type="PWROPT-DRC" Name="MAIN_drc_pwropted.rpt"/>
  <File Type="PWROPT-TIMING" Name="MAIN_timing_summary_pwropted.rpt"/>
  <File Type="PLACE-DCP" Name="MAIN_placed.dcp"/>
  <File Type="PLACE-IO" Name="MAIN_io_placed.rpt"/>
  <File Type="PLACE-CLK" Name="MAIN_clock_utilization_placed.rpt"/>
  <File Type="PLACE-UTIL" Name="MAIN_utilization_placed.rpt"/>
  <File Type="PLACE-UTIL-PB" Name="MAIN_utilization_placed.pb"/>
  <File Type="PLACE-CTRL" Name="MAIN_control_sets_placed.rpt"/>
  <File Type="PLACE-SIMILARITY" Name="MAIN_incremental_reuse_placed.rpt"/>
  <File Type="PLACE-PRE-SIMILARITY" Name="MAIN_incremental_reuse_pre_placed.rpt"/>
  <File Type="PLACE-TIMING" Name="MAIN_timing_summary_placed.rpt"/>
  <File Type="POSTPLACE-PWROPT-DCP" Name="MAIN_postplace_pwropt.dcp"/>
  <File Type="BG-BIN" Name="MAIN.bin"/>
  <File Type="POSTPLACE-PWROPT-TIMING" Name="MAIN_timing_summary_postplace_pwropted.rpt"/>
  <File Type="PHYSOPT-DCP" Name="MAIN_physopt.dcp"/>
  <File Type="PHYSOPT-DRC" Name="MAIN_drc_physopted.rpt"/>
  <File Type="BITSTR-MSK" Name="MAIN.msk"/>
  <File Type="PHYSOPT-TIMING" Name="MAIN_timing_summary_physopted.rpt"/>
  <File Type="ROUTE-ERROR-DCP" Name="MAIN_routed_error.dcp"/>
  <File Type="ROUTE-DCP" Name="MAIN_routed.dcp"/>
  <File Type="ROUTE-BLACKBOX-DCP" Name="MAIN_routed_bb.dcp"/>
  <File Type="ROUTE-DRC" Name="MAIN_drc_routed.rpt"/>
  <File Type="ROUTE-DRC-PB" Name="MAIN_drc_routed.pb"/>
  <File Type="ROUTE-DRC-RPX" Name="MAIN_drc_routed.rpx"/>
  <File Type="BITSTR-MMI" Name="MAIN.mmi"/>
  <File Type="ROUTE-METHODOLOGY-DRC" Name="MAIN_methodology_drc_routed.rpt"/>
  <File Type="ROUTE-METHODOLOGY-DRC-RPX" Name="MAIN_methodology_drc_routed.rpx"/>
  <File Type="ROUTE-METHODOLOGY-DRC-PB" Name="MAIN_methodology_drc_routed.pb"/>
  <File Type="ROUTE-PWR-RPX" Name="MAIN_power_routed.rpx"/>
  <File Type="ROUTE-STATUS" Name="MAIN_route_status.rpt"/>
  <File Type="ROUTE-STATUS-PB" Name="MAIN_route_status.pb"/>
  <File Type="ROUTE-TIMINGSUMMARY" Name="MAIN_timing_summary_routed.rpt"/>
  <File Type="ROUTE-TIMING-PB" Name="MAIN_timing_summary_routed.pb"/>
  <File Type="ROUTE-TIMING-RPX" Name="MAIN_timing_summary_routed.rpx"/>
  <File Type="ROUTE-SIMILARITY" Name="MAIN_incremental_reuse_routed.rpt"/>
  <File Type="ROUTE-CLK" Name="MAIN_clock_utilization_routed.rpt"/>
  <File Type="ROUTE-BUS-SKEW" Name="MAIN_bus_skew_routed.rpt"/>
  <File Type="ROUTE-BUS-SKEW-PB" Name="MAIN_bus_skew_routed.pb"/>
  <File Type="ROUTE-BUS-SKEW-RPX" Name="MAIN_bus_skew_routed.rpx"/>
  <File Type="POSTROUTE-PHYSOPT-DCP" Name="MAIN_postroute_physopt.dcp"/>
  <File Type="POSTROUTE-PHYSOPT-BLACKBOX-DCP" Name="MAIN_postroute_physopt_bb.dcp"/>
  <File Type="POSTROUTE-PHYSOPT-TIMING" Name="MAIN_timing_summary_postroute_physopted.rpt"/>
  <File Type="POSTROUTE-PHYSOPT-TIMING-PB" Name="MAIN_timing_summary_postroute_physopted.pb"/>
  <File Type="POSTROUTE-PHYSOPT-TIMING-RPX" Name="MAIN_timing_summary_postroute_physopted.rpx"/>
  <File Type="POSTROUTE-PHYSOPT-BUS-SKEW" Name="MAIN_bus_skew_postroute_physopted.rpt"/>
  <File Type="POSTROUTE-PHYSOPT-BUS-SKEW-PB" Name="MAIN_bus_skew_postroute_physopted.pb"/>
  <File Type="BG-BIT" Name="MAIN.bit"/>
  <File Type="POSTROUTE-PHYSOPT-BUS-SKEW-RPX" Name="MAIN_bus_skew_postroute_physopted.rpx"/>
  <File Type="BITSTR-RBT" Name="MAIN.rbt"/>
  <File Type="BITSTR-NKY" Name="MAIN.nky"/>
  <File Type="PDI-FILE" Name="MAIN.pdi"/>
  <File Type="RCFI_FILE" Name="MAIN.rcfi"/>
  <File Type="CFI_FILE" Name="MAIN.cfi"/>
  <File Type="RNPI_FILE" Name="MAIN.rnpi"/>
  <File Type="NPI_FILE" Name="MAIN.npi"/>
  <File Type="RBD_FILE" Name="MAIN.rbd"/>
  <File Type="BITSTR-LTX" Name="debug_nets.ltx"/>
  <File Type="BITSTR-LTX" Name="MAIN.ltx"/>
  <File Type="BITSTR-SYSDEF" Name="MAIN.sysdef"/>
  <File Type="BG-BGN" Name="MAIN.bgn"/>
  <File Type="BG-DRC" Name="MAIN.drc"/>
  <File Type="RDI-RDI" Name="MAIN.vdi"/>
  <File Type="WBT-USG" Name="usage_statistics_webtalk.html"/>
  <FileSet Name="sources" Type="DesignSrcs" RelSrcDir="$PSRCDIR/sources_1" RelGenDir="$PGENDIR/sources_1">
    <Filter Type="Srcs"/>
    <File Path="$PSRCDIR/sources_1/new/Bloque_VGA.vhd">
      <FileInfo>
        <Attr Name="UsedIn" Val="synthesis"/>
        <Attr Name="UsedIn" Val="simulation"/>
      </FileInfo>
    </File>
    <File Path="$PSRCDIR/sources_1/new/MAIN.vhd">
      <FileInfo>
        <Attr Name="UsedIn" Val="synthesis"/>
        <Attr Name="UsedIn" Val="simulation"/>
      </FileInfo>
    </File>
    <File Path="$PSRCDIR/sources_1/new/PINTA_VGA.vhd">
      <FileInfo>
        <Attr Name="UsedIn" Val="synthesis"/>
        <Attr Name="UsedIn" Val="simulation"/>
      </FileInfo>
    </File>
    <File Path="$PSRCDIR/sources_1/new/PAQUETE_SYNCRO.vhd">
      <FileInfo>
        <Attr Name="UsedIn" Val="synthesis"/>
        <Attr Name="UsedIn" Val="simulation"/>
      </FileInfo>
    </File>
    <File Path="$PSRCDIR/sources_1/new/MEMORIASYFONDO.vhd">
      <FileInfo>
        <Attr Name="UsedIn" Val="synthesis"/>
        <Attr Name="UsedIn" Val="simulation"/>
      </FileInfo>
    </File>
    <File Path="$PSRCDIR/sources_1/new/MOVIMIENTOS.vhd">
      <FileInfo>
        <Attr Name="UsedIn" Val="synthesis"/>
        <Attr Name="UsedIn" Val="simulation"/>
      </FileInfo>
    </File>
    <Config>
      <Option Name="DesignMode" Val="RTL"/>
      <Option Name="TopModule" Val="MAIN"/>
      <Option Name="TopAutoSet" Val="TRUE"/>
    </Config>
  </FileSet>
  <FileSet Name="constrs_in" Type="Constrs" RelSrcDir="$PSRCDIR/constrs_1">
    <Filter Type="Constrs"/>
    <File Path="$PPRDIR/../../Nexys-4-Master.xdc">
      <FileInfo>
        <Attr Name="UsedIn" Val="synthesis"/>
        <Attr Name="UsedIn" Val="implementation"/>
      </FileInfo>
    </File>
    <Config>
      <Option Name="ConstrsType" Val="XDC"/>
    </Config>
  </FileSet>
  <FileSet Name="utils" Type="Utils" RelSrcDir="$PSRCDIR/utils_1">
    <Filter Type="Utils"/>
    <Config>
      <Option Name="TopAutoSet" Val="TRUE"/>
    </Config>
  </FileSet>
  <Strategy Version="1" Minor="2">
    <StratHandle Name="Vivado Implementation Defaults" Flow="Vivado Implementation 2020"/>
    <Step Id="init_design"/>
    <Step Id="opt_design"/>
    <Step Id="power_opt_design"/>
    <Step Id="place_design"/>
    <Step Id="post_place_power_opt_design"/>
    <Step Id="phys_opt_design"/>
    <Step Id="route_design"/>
    <Step Id="post_route_phys_opt_design"/>
    <Step Id="write_bitstream"/>
  </Strategy>
</GenRun>
